{
  "model": "distilbert-base-uncased",
  "num_labels": 2,
  "label_mapping": {
    "0": "SAFE",
    "1": "SCAM"
  },
  "max_length": 256,
  "epochs": 3,
  "batch_size": 16,
  "learning_rate": 2e-05,
  "dataset_sizes": {
    "total": 5300,
    "train": 4240,
    "val": 530,
    "test": 530
  },
  "final_metrics": {
    "accuracy": 0.9962264150943396,
    "f1_weighted": 0.9962046972710763,
    "precision_weighted": 0.9962428936310457,
    "recall_weighted": 0.9962264150943396
  }
}